<?xml version="1.0" encoding="UTF-8"?>
<project-private xmlns="http://www.netbeans.org/ns/project-private/1">
    <editor-bookmarks xmlns="http://www.netbeans.org/ns/editor-bookmarks/1"/>
    <editor-bookmarks xmlns="http://www.netbeans.org/ns/editor-bookmarks/2" lastBookmarkId="0"/>
    <open-files xmlns="http://www.netbeans.org/ns/projectui-open-files/2">
        <group>
            <file>file:/E:/CollegeFever/web/AdminLogin.jsp</file>
            <file>file:/E:/CollegeFever/web/blog.jsp</file>
            <file>file:/E:/CollegeFever/web/index.html</file>
            <file>file:/E:/CollegeFever/web/AdminRegister.jsp</file>
            <file>file:/E:/CollegeFever/web/Applications.jsp</file>
        </group>
    </open-files>
</project-private>
